{"cameraMode":{"drawMode":0,"name":"Shaded","section":"Shading Mode"},"sceneLighting":true,"audioPlay":false,"sceneViewState":{"m_AlwaysRefresh":false,"showFog":true,"showSkybox":true,"showFlares":true,"showImageEffects":true,"showParticleSystems":true,"showVisualEffectGraphs":true,"m_FxEnabled":true},"in2DMode":false,"pivot":{"x":-14.406084060668946,"y":5.663068771362305,"z":5.110065460205078},"rotation":{"x":0.05361009016633034,"y":0.04490136727690697,"z":0.002421160927042365,"w":-0.9975451827049255},"size":25.202409744262697,"orthographic":false}