{"cameraMode":{"drawMode":0,"name":"Shaded","section":"Shading Mode"},"sceneLighting":false,"audioPlay":false,"sceneViewState":{"m_AlwaysRefresh":false,"showFog":true,"showSkybox":false,"showFlares":true,"showImageEffects":true,"showParticleSystems":true,"showVisualEffectGraphs":true,"m_FxEnabled":true},"in2DMode":false,"pivot":{"x":18.355419158935548,"y":-1.8477281332015992,"z":12.35840892791748},"rotation":{"x":-0.12125536054372788,"y":-0.06399458646774292,"z":0.007842344231903553,"w":-0.9905271530151367},"size":10.149373054504395,"orthographic":false}